{"cameraMode":{"drawMode":0,"name":"Shaded","section":"Shading Mode"},"sceneLighting":true,"audioPlay":false,"sceneViewState":{"showFog":true,"showMaterialUpdate":false,"showSkybox":true,"showFlares":true,"showImageEffects":true,"showParticleSystems":true},"in2DMode":false,"pivot":{"x":34.46145248413086,"y":-25.780195236206056,"z":19.900327682495118},"rotation":{"x":0.4848317503929138,"y":0.08500959724187851,"z":-0.04741910472512245,"w":0.8691737055778503},"size":38.81718444824219,"orthographic":false}